,dataset,chi squared,rm,rm stderr,sigma,sigma stderr,ra,ra stderr
0,T190.0°C_D1000.0hr_S0MPa,0.0036939370245073952,1.7803635496479653,0.08717894082808161,0.9999999999224845,0.4459687833901532,2.935323253656251,0.14373377408922441
1,T190.0°C_D8760.0hr_S0MPa,0.019169782713907794,2.3740851423997196,0.3117847826012257,0.9999999999861211,67347.42052013607,3.914204672673235,0.5140462029481216
2,T0.0°C_D0.0hr_S0MPa,0.0016678197562777016,1.3821958421270373,0.029640444293752982,0.5644700973537036,0.014876526463642136,1.6209082980276504,0.0347595041517675
3,T190.0°C_D25000.0hr_S0MPa,0.01909997142768819,1.4004829571798239,0.12367679009536717,0.9999999999896632,0.9736726580461451,2.3090060407315245,0.203908554520039
4,T190.0°C_D2500.0hr_S0MPa,0.0073294239128537594,2.3060517916045673,0.20024441364185278,0.9999999999653799,0.22400157678045385,3.8020366400229624,0.33014722409876784
5,T190.0°C_D250.0hr_S0MPa,0.0027955685437882605,1.6485814961777918,0.06468201692103229,0.9999999999999939,0.0011969583601577503,2.7180513792309506,0.10664261712949089
6,T190.0°C_D5000.0hr_S0MPa,0.007157530981803525,1.192787078956957,0.06814839793780077,0.9999999999953297,0.012585267668977449,1.9665734284834238,0.11235771324366413
