dataset,chi squared,rm,rm stderr,sigma,sigma stderr,ra,ra stderr,n_bins,start,end,bin_width
T190.0°C_D1000.0hr_S0MPa,0.003378685954684125,1.7442619140033224,0.13867352924257823,0.9334795187663885,0.06075954177886551,2.696685699360984,0.2143937903970456,12,0.5,12.5,1.0
T190.0°C_D8760.0hr_S0MPa,0.00990554266556421,2.897309474252846,0.3782208324503387,1.0485101061687552,0.14679888900134666,5.02019742299295,0.6553470608724268,12,0.5,12.5,1.0
T23.0°C_D0.0hr_S0MPa,0.0013054057549120425,1.5587339530634965,0.030132616309859663,0.6178968310192701,0.021937314057800108,1.8865922703714633,0.03647059904259015,12,0.5,12.5,1.0
T190.0°C_D25000.0hr_S0MPa,0.015277179034415816,0.9407310659807959,0.19985539414743045,0.9061659366345739,0.07994855189354307,1.4183161755393958,0.30131686784742434,12,0.5,12.5,1.0
T190.0°C_D2500.0hr_S0MPa,0.0024016550101532,2.5457228785146713,0.14595471266738527,0.9841052364211882,0.06339807302514637,4.131523423179826,0.23687390296803204,12,0.5,12.5,1.0
T190.0°C_D250.0hr_S0MPa,0.0024212967611612303,1.6045415335718602,0.10337639638603932,0.8871878819257015,0.04534277400701969,2.378307822441528,0.15322812593914226,12,0.5,12.5,1.0
T190.0°C_D5000.0hr_S0MPa,0.006845475469826766,1.0437563599349795,0.10746065741380041,0.7511876457572023,0.03700822124452435,1.3839857073520228,0.14248920502157866,12,0.5,12.5,1.0
