dataset,temp,aging_time,stress,chi squared,rm,rm stderr,sigma,sigma stderr,ra,ra stderr,n_bins,start,end,bin_width
Rock_T23.0°C_D0.0hr_S0MPa,23.0,0.0,0.0,0.0006297806246324025,1.526576716474228,0.018615956619889896,0.537513714115502,0.006619260904642297,1.763831241304304,0.02150917508342713,13,0,14.0,1.0
Rock_T190.0°C_D250.0hr_S0MPa,190.0,250.0,0.0,0.0019882958721700005,2.084738092640954,0.06899177129796823,0.7885681788155593,0.02396495607654251,2.845000145271891,0.09415168267810295,13,0,14.0,1.0
Rock_T190.0°C_D1000.0hr_S0MPa,190.0,1000.0,0.0,0.0036410930793369144,2.968049114700068,0.1782551909527352,0.8832092566801849,0.04303575790519814,4.383879963974251,0.263287206475715,13,0,14.0,1.0
Rock_T190.0°C_D2500.0hr_S0MPa,190.0,2500.0,0.0,0.002585793240816773,3.562865458790352,0.15601430045181264,0.7431801270205234,0.03659609804171206,4.696058199439394,0.20563567256207385,13,0,14.0,1.0
Rock_T190.0°C_D5000.0hr_S0MPa,190.0,5000.0,0.0,0.0025442481015636492,3.9746364778023766,0.15153592986866884,0.6519759797325109,0.03368937696023782,4.915874344562714,0.18742131364243034,13,0,14.0,1.0
Rock_T190.0°C_D8760.0hr_S0MPa,190.0,8760.0,0.0,0.004286784629648122,5.641487326336917,0.17035383285659653,0.3985810669843374,0.024999077342909633,6.107888757296175,0.18443757829776564,13,0,14.0,1.0
Rock_T190.0°C_D25000.0hr_S0MPa,190.0,25000.0,0.0,0.005489070145769182,7.185609423605241,0.2662383508440862,0.38056422773055065,0.0307208890814976,7.72525552975002,0.2862331043673486,13,0,14.0,1.0
