dataset,temp,aging_time,stress,chi squared,Rsquared,rm,rm stderr,sigma,sigma stderr,ra,ra stderr,n_bins,dof,chi squared re,start,end,bin_width
Rock_T23.0°C_D0.0hr_S0MPa,23.0,0.0,0.0,0.11305019007831651,0.9973853867692415,1.526576716474228,0.018615956619889896,0.537513714115502,0.006619260904642297,1.763831241304304,0.02150917508342713,13,11,0.010277290007119683,0,14.0,1.0
Rock_T190.0°C_D250.0hr_S0MPa,190.0,250.0,0.0,0.05609729215403256,0.9816328455210123,2.084738092640954,0.06899177129796823,0.7885681788155593,0.02396495607654251,2.845000145271891,0.09415168267810295,13,11,0.005099753832184778,0,14.0,1.0
Rock_T190.0°C_D1000.0hr_S0MPa,190.0,1000.0,0.0,0.07610769741913645,0.9403666905643091,2.968049114700068,0.1782551909527352,0.8832092566801849,0.04303575790519814,4.383879963974251,0.263287206475715,13,11,0.006918881583557859,0,14.0,1.0
Rock_T190.0°C_D2500.0hr_S0MPa,190.0,2500.0,0.0,0.05709350031545111,0.9539665256554276,3.562865458790352,0.15601430045181264,0.7431801270205234,0.03659609804171206,4.696058199439394,0.20563567256207385,13,11,0.005190318210495555,0,14.0,1.0
Rock_T190.0°C_D5000.0hr_S0MPa,190.0,5000.0,0.0,0.21005899765611835,0.951464536694431,3.9746364778023766,0.15153592986866884,0.6519759797325109,0.03368937696023782,4.915874344562714,0.18742131364243034,13,11,0.01909627251419258,0,14.0,1.0
Rock_T190.0°C_D8760.0hr_S0MPa,190.0,8760.0,0.0,2360.8098931741356,0.9273826082022311,5.641487326336917,0.17035383285659653,0.3985810669843374,0.024999077342909633,6.107888757296175,0.18443757829776564,13,11,214.61908119764868,0,14.0,1.0
Rock_T190.0°C_D25000.0hr_S0MPa,190.0,25000.0,0.0,0.0827280582465841,0.8706186869133138,7.185609423605241,0.2662383508440862,0.38056422773055065,0.0307208890814976,7.72525552975002,0.2862331043673486,13,11,0.007520732567871281,0,14.0,1.0
