,area,centroid,mean_radius_edge_distance,mean_radius_circle_area,radius_minor_axis_ellipsis,aspect_ratio,orientation
0,5.585077822074127,POINT (187.6316302547413 289.0175772283562),1.3066072223121599,1.3333362238655444,1.5255907200282381,0.7510760973790727,-21.280642265107435
1,7.193065678717349,POINT (186.31694299955302 284.28618623016473),1.7997197846531772,1.5131503287859571,2.333894631329353,0.4333700093013831,-11.805240078013703
2,7.203785597761637,POINT (184.52853132389657 270.3140297035375),1.6217774842731323,1.5142774427811891,1.166236416205831,1.7484420629969597,-22.89475765801036
3,81.97522093167144,POINT (82.03682168905084 272.2987410239033),5.258888160570672,5.108181990165526,4.278091408507287,1.4478423774270262,-26.28797406575354
4,1.350709799580307,POINT (183.59723629317588 256.2957237824088),0.8045332504406442,0.6557013669131232,1.0328071621049932,0.5524400215454538,2.8989185159767783
5,20.753763269741867,POINT (118.29681734756126 232.13197888586336),2.565600498135114,2.5702389041248423,2.7662709615217316,0.8977093270291223,-21.679431948374
